mag_catalogue_mapping	540.9848	coassembly_treat
mag_catalogue_mapping	643.6588	coassembly_treat
mag_catalogue_mapping	502.8875	coassembly_treat
mag_catalogue_mapping	698.4002	coassembly_treat
mag_catalogue_mapping	734.7049	coassembly_treat
mag_catalogue_mapping	917.3980	coassembly_treat
mag_catalogue_mapping	774.0747	coassembly_treat
mag_catalogue_mapping	851.4906	coassembly_treat
mag_catalogue_mapping	808.5617	coassembly_treat
mag_catalogue_mapping	270.4390	coassembly_treat
mag_catalogue_mapping	470.3121	coassembly_treat
mag_catalogue_mapping	726.2292	coassembly_treat
mag_catalogue_mapping	421.0754	coassembly_treat
mag_catalogue_mapping	918.2437	coassembly_treat
mag_catalogue_mapping	623.3007	coassembly_treat
mag_catalogue_mapping	586.0529	coassembly_treat
mag_catalogue_mapping	856.1919	coassembly_treat
mag_catalogue_mapping	747.2393	coassembly_treat
mag_catalogue_mapping	895.4679	coassembly_treat
mag_catalogue_mapping	531.7197	coassembly_treat
mag_catalogue_mapping	347.5858	coassembly_treat
mag_catalogue_mapping	473.2441	coassembly_treat
mag_catalogue_mapping	493.3209	coassembly_treat
mag_catalogue_mapping	904.9233	coassembly_treat
mag_catalogue_mapping	459.5552	coassembly_treat
mag_catalogue_mapping	850.5462	coassembly_treat
mag_catalogue_mapping	881.2299	coassembly_treat
mag_catalogue_mapping	1219.3109	coassembly_treat
mag_catalogue_mapping	694.0344	coassembly_treat
mag_catalogue_mapping	907.2762	coassembly_treat
mag_catalogue_mapping	462.8718	coassembly_treat
mag_catalogue_mapping	663.6308	coassembly_treat
mag_catalogue_mapping	510.2724	coassembly_treat
mag_catalogue_mapping	485.7487	coassembly_treat
mag_catalogue_mapping	670.6797	coassembly_treat
mag_catalogue_mapping	412.4902	coassembly_treat
mag_catalogue_mapping	498.7494	coassembly_treat
mag_catalogue_mapping	875.6545	coassembly_treat
mag_catalogue_mapping	800.0741	coassembly_treat
mag_catalogue_mapping	469.6836	coassembly_treat
mag_catalogue_mapping	617.8968	coassembly_treat
mag_catalogue_mapping	324.5337	coassembly_treat
mag_catalogue_mapping	612.2933	coassembly_treat
mag_catalogue_mapping	588.5762	coassembly_treat
mag_catalogue_mapping	361.5589	coassembly_treat
mag_catalogue_mapping	680.1110	coassembly_treat
mag_catalogue_mapping	488.6509	coassembly_treat
mag_catalogue_mapping	643.8994	coassembly_treat
mag_catalogue_mapping	1142.5879	coassembly_treat
mag_catalogue_mapping	827.4196	coassembly_treat
mag_catalogue_mapping	363.5460	coassembly_treat
mag_catalogue_mapping	618.2329	coassembly_treat
mag_catalogue_mapping	387.7093	coassembly_treat
mag_catalogue_mapping	877.2270	coassembly_treat
mag_catalogue_mapping	845.3315	coassembly_treat
mag_catalogue_mapping	834.3078	coassembly_treat
mag_catalogue_mapping	582.4760	coassembly_treat
mag_catalogue_mapping	367.7021	coassembly_treat
mag_catalogue_mapping	624.5625	coassembly_treat
mag_catalogue_mapping	461.4214	coassembly_treat
mag_catalogue_mapping	674.3598	coassembly_treat
mag_catalogue_mapping	756.9718	coassembly_treat
mag_catalogue_mapping	383.5177	coassembly_treat
mag_catalogue_mapping	796.6068	coassembly_treat
mag_catalogue_mapping	574.3551	coassembly_treat
mag_catalogue_mapping	475.1693	coassembly_treat
mag_catalogue_mapping	498.3671	coassembly_treat
mag_catalogue_mapping	546.7584	coassembly_treat
mag_catalogue_mapping	406.8746	coassembly_treat
mag_catalogue_mapping	1014.4574	coassembly_treat
mag_catalogue_mapping	776.2589	coassembly_treat
mag_catalogue_mapping	835.5632	coassembly_treat
mag_catalogue_mapping	945.6679	coassembly_treat
mag_catalogue_mapping	660.3202	coassembly_treat
mag_catalogue_mapping	846.1474	coassembly_treat
mag_catalogue_mapping	1003.2754	coassembly_treat
mag_catalogue_mapping	665.0333	coassembly_treat
mag_catalogue_mapping	514.7666	coassembly_treat
mag_catalogue_mapping	654.6677	coassembly_treat
mag_catalogue_mapping	630.0807	coassembly_treat
mag_catalogue_mapping	732.8470	coassembly_treat
mag_catalogue_mapping	836.4904	coassembly_treat
mag_catalogue_mapping	594.2672	coassembly_treat
mag_catalogue_mapping	663.9002	coassembly_treat
mag_catalogue_mapping	1001.1773	coassembly_treat
mag_catalogue_mapping	949.0898	coassembly_treat
mag_catalogue_mapping	787.5848	coassembly_treat
mag_catalogue_mapping	771.7459	coassembly_treat
mag_catalogue_mapping	542.0098	coassembly_treat
mag_catalogue_mapping	389.0128	coassembly_treat
mag_catalogue_mapping	464.9048	coassembly_treat
mag_catalogue_mapping	698.5824	coassembly_treat
mag_catalogue_mapping	818.4802	coassembly_treat
mag_catalogue_mapping	312.5634	coassembly_treat
mag_catalogue_mapping	567.4145	coassembly_treat
mag_catalogue_mapping	836.3523	coassembly_treat
mag_catalogue_mapping	698.2542	coassembly_treat
mag_catalogue_mapping	715.9799	coassembly_treat
mag_catalogue_mapping	464.1830	coassembly_treat
mag_catalogue_mapping	687.7930	coassembly_treat
mag_catalogue_mapping	505.4851	coassembly_treat
mag_catalogue_mapping	574.4417	coassembly_treat
mag_catalogue_mapping	331.5677	coassembly_treat
mag_catalogue_mapping	1062.9962	coassembly_treat
mag_catalogue_mapping	691.5056	coassembly_treat
mag_catalogue_mapping	568.3088	coassembly_treat
mag_catalogue_mapping	875.6590	coassembly_treat
mag_catalogue_mapping	807.0562	coassembly_treat
mag_catalogue_mapping	803.0657	coassembly_treat
mag_catalogue_mapping	364.5108	coassembly_treat
mag_catalogue_mapping	405.7453	coassembly_treat
mag_catalogue_mapping	547.2789	coassembly_treat
mag_catalogue_mapping	552.9658	coassembly_treat
mag_catalogue_mapping	432.8030	coassembly_treat
mag_catalogue_mapping	433.8986	coassembly_treat
mag_catalogue_mapping	541.1628	coassembly_treat
mag_catalogue_mapping	544.5547	coassembly_treat
mag_catalogue_mapping	609.6455	coassembly_treat
mag_catalogue_mapping	918.7044	coassembly_treat
mag_catalogue_mapping	932.9052	coassembly_treat
mag_catalogue_mapping	404.8621	coassembly_treat
mag_catalogue_mapping	736.7087	coassembly_treat
mag_catalogue_mapping	781.8678	coassembly_treat
mag_catalogue_mapping	698.0957	coassembly_treat
mag_catalogue_mapping	1173.2405	coassembly_treat
mag_catalogue_mapping	805.7111	coassembly_treat
mag_catalogue_mapping	1062.5808	coassembly_treat
mag_catalogue_mapping	759.9943	coassembly_treat
mag_catalogue_mapping	724.5550	coassembly_treat
mag_catalogue_mapping	571.2005	coassembly_treat
mag_catalogue_mapping	492.7066	coassembly_treat
mag_catalogue_mapping	766.5957	coassembly_treat
mag_catalogue_mapping	741.1472	coassembly_treat
mag_catalogue_mapping	622.5109	coassembly_treat
mag_catalogue_mapping	444.2585	coassembly_treat
mag_catalogue_mapping	819.7359	coassembly_treat
mag_catalogue_mapping	1161.1213	coassembly_treat
mag_catalogue_mapping	491.4986	coassembly_treat
mag_catalogue_mapping	693.1281	coassembly_treat
mag_catalogue_mapping	530.6448	coassembly_treat
mag_catalogue_mapping	813.5192	coassembly_treat
mag_catalogue_mapping	723.5339	coassembly_treat
mag_catalogue_mapping	394.2458	coassembly_treat
mag_catalogue_mapping	744.0339	coassembly_treat
mag_catalogue_mapping	784.9820	coassembly_treat
mag_catalogue_mapping	364.6741	coassembly_treat
mag_catalogue_mapping	715.0183	coassembly_treat
mag_catalogue_mapping	683.6175	coassembly_treat
mag_catalogue_mapping	463.5331	coassembly_treat
mag_catalogue_mapping	457.8048	coassembly_treat
mag_catalogue_mapping	422.5904	coassembly_cage_treat
mag_catalogue_mapping	426.6916	coassembly_cage_treat
mag_catalogue_mapping	607.9343	coassembly_cage_treat
mag_catalogue_mapping	1281.3997	coassembly_cage_treat
mag_catalogue_mapping	912.1175	coassembly_cage_treat
mag_catalogue_mapping	794.5711	coassembly_cage_treat
mag_catalogue_mapping	563.6414	coassembly_cage_treat
mag_catalogue_mapping	904.1944	coassembly_cage_treat
mag_catalogue_mapping	767.9718	coassembly_cage_treat
mag_catalogue_mapping	337.2851	coassembly_cage_treat
mag_catalogue_mapping	694.0074	coassembly_cage_treat
mag_catalogue_mapping	661.4262	coassembly_cage_treat
mag_catalogue_mapping	486.9634	coassembly_cage_treat
mag_catalogue_mapping	799.2859	coassembly_cage_treat
mag_catalogue_mapping	771.0435	coassembly_cage_treat
mag_catalogue_mapping	486.7888	coassembly_cage_treat
mag_catalogue_mapping	591.8648	coassembly_cage_treat
mag_catalogue_mapping	536.4699	coassembly_cage_treat
mag_catalogue_mapping	783.7461	coassembly_cage_treat
mag_catalogue_mapping	521.7159	coassembly_cage_treat
mag_catalogue_mapping	362.0012	coassembly_cage_treat
mag_catalogue_mapping	398.6662	coassembly_cage_treat
mag_catalogue_mapping	494.2527	coassembly_cage_treat
mag_catalogue_mapping	619.7328	coassembly_cage_treat
mag_catalogue_mapping	583.6207	coassembly_cage_treat
mag_catalogue_mapping	694.9518	coassembly_cage_treat
mag_catalogue_mapping	649.0003	coassembly_cage_treat
mag_catalogue_mapping	722.1530	coassembly_cage_treat
mag_catalogue_mapping	637.1743	coassembly_cage_treat
mag_catalogue_mapping	571.0396	coassembly_cage_treat
mag_catalogue_mapping	505.4635	coassembly_cage_treat
mag_catalogue_mapping	625.8785	coassembly_cage_treat
mag_catalogue_mapping	505.5990	coassembly_cage_treat
mag_catalogue_mapping	433.3815	coassembly_cage_treat
mag_catalogue_mapping	1015.6804	coassembly_cage_treat
mag_catalogue_mapping	308.8614	coassembly_cage_treat
mag_catalogue_mapping	697.4428	coassembly_cage_treat
mag_catalogue_mapping	662.9054	coassembly_cage_treat
mag_catalogue_mapping	825.0706	coassembly_cage_treat
mag_catalogue_mapping	655.9761	coassembly_cage_treat
mag_catalogue_mapping	736.3084	coassembly_cage_treat
mag_catalogue_mapping	383.4949	coassembly_cage_treat
mag_catalogue_mapping	830.0533	coassembly_cage_treat
mag_catalogue_mapping	622.7157	coassembly_cage_treat
mag_catalogue_mapping	476.1907	coassembly_cage_treat
mag_catalogue_mapping	454.7639	coassembly_cage_treat
mag_catalogue_mapping	881.1963	coassembly_cage_treat
mag_catalogue_mapping	427.6757	coassembly_cage_treat
mag_catalogue_mapping	868.9632	coassembly_cage_treat
mag_catalogue_mapping	687.6467	coassembly_cage_treat
mag_catalogue_mapping	246.1625	coassembly_cage_treat
mag_catalogue_mapping	551.4347	coassembly_cage_treat
mag_catalogue_mapping	562.8954	coassembly_cage_treat
mag_catalogue_mapping	986.9638	coassembly_cage_treat
mag_catalogue_mapping	633.1829	coassembly_cage_treat
mag_catalogue_mapping	741.0628	coassembly_cage_treat
mag_catalogue_mapping	505.7869	coassembly_cage_treat
mag_catalogue_mapping	456.7511	coassembly_cage_treat
mag_catalogue_mapping	851.5165	coassembly_cage_treat
mag_catalogue_mapping	346.5019	coassembly_cage_treat
mag_catalogue_mapping	762.1060	coassembly_cage_treat
mag_catalogue_mapping	760.9089	coassembly_cage_treat
mag_catalogue_mapping	410.8284	coassembly_cage_treat
mag_catalogue_mapping	841.5356	coassembly_cage_treat
mag_catalogue_mapping	949.0265	coassembly_cage_treat
mag_catalogue_mapping	472.0547	coassembly_cage_treat
mag_catalogue_mapping	577.3802	coassembly_cage_treat
mag_catalogue_mapping	1035.9799	coassembly_cage_treat
mag_catalogue_mapping	398.1471	coassembly_cage_treat
mag_catalogue_mapping	839.3102	coassembly_cage_treat
mag_catalogue_mapping	627.7275	coassembly_cage_treat
mag_catalogue_mapping	819.0058	coassembly_cage_treat
mag_catalogue_mapping	1174.4394	coassembly_cage_treat
mag_catalogue_mapping	501.9741	coassembly_cage_treat
mag_catalogue_mapping	806.7873	coassembly_cage_treat
mag_catalogue_mapping	711.5669	coassembly_cage_treat
mag_catalogue_mapping	694.6054	coassembly_cage_treat
mag_catalogue_mapping	692.0451	coassembly_cage_treat
mag_catalogue_mapping	540.5147	coassembly_cage_treat
mag_catalogue_mapping	710.1097	coassembly_cage_treat
mag_catalogue_mapping	875.4690	coassembly_cage_treat
mag_catalogue_mapping	640.2080	coassembly_cage_treat
mag_catalogue_mapping	578.7701	coassembly_cage_treat
mag_catalogue_mapping	586.0388	coassembly_cage_treat
mag_catalogue_mapping	907.8444	coassembly_cage_treat
mag_catalogue_mapping	790.9973	coassembly_cage_treat
mag_catalogue_mapping	525.5935	coassembly_cage_treat
mag_catalogue_mapping	678.0102	coassembly_cage_treat
mag_catalogue_mapping	656.4952	coassembly_cage_treat
mag_catalogue_mapping	420.5195	coassembly_cage_treat
mag_catalogue_mapping	651.2407	coassembly_cage_treat
mag_catalogue_mapping	671.1141	coassembly_cage_treat
mag_catalogue_mapping	788.5204	coassembly_cage_treat
mag_catalogue_mapping	404.2832	coassembly_cage_treat
mag_catalogue_mapping	355.2641	coassembly_cage_treat
mag_catalogue_mapping	904.5618	coassembly_cage_treat
mag_catalogue_mapping	642.9496	coassembly_cage_treat
mag_catalogue_mapping	401.8573	coassembly_cage_treat
mag_catalogue_mapping	522.7000	coassembly_cage_treat
mag_catalogue_mapping	549.5101	coassembly_cage_treat
mag_catalogue_mapping	542.5970	coassembly_cage_treat
mag_catalogue_mapping	637.5070	coassembly_cage_treat
mag_catalogue_mapping	302.8394	coassembly_cage_treat
mag_catalogue_mapping	553.1358	coassembly_cage_treat
mag_catalogue_mapping	502.0301	coassembly_cage_treat
mag_catalogue_mapping	697.2741	coassembly_cage_treat
mag_catalogue_mapping	1263.6745	coassembly_cage_treat
mag_catalogue_mapping	673.7463	coassembly_cage_treat
mag_catalogue_mapping	562.9887	coassembly_cage_treat
mag_catalogue_mapping	513.7721	coassembly_cage_treat
mag_catalogue_mapping	428.6917	coassembly_cage_treat
mag_catalogue_mapping	482.8534	coassembly_cage_treat
mag_catalogue_mapping	418.9830	coassembly_cage_treat
mag_catalogue_mapping	460.7066	coassembly_cage_treat
mag_catalogue_mapping	450.9388	coassembly_cage_treat
mag_catalogue_mapping	584.5040	coassembly_cage_treat
mag_catalogue_mapping	442.0447	coassembly_cage_treat
mag_catalogue_mapping	1050.9192	coassembly_cage_treat
mag_catalogue_mapping	466.4844	coassembly_cage_treat
mag_catalogue_mapping	554.1210	coassembly_cage_treat
mag_catalogue_mapping	559.0801	coassembly_cage_treat
mag_catalogue_mapping	621.6156	coassembly_cage_treat
mag_catalogue_mapping	807.6021	coassembly_cage_treat
mag_catalogue_mapping	592.3036	coassembly_cage_treat
mag_catalogue_mapping	789.8093	coassembly_cage_treat
mag_catalogue_mapping	998.5690	coassembly_cage_treat
mag_catalogue_mapping	489.8710	coassembly_cage_treat
mag_catalogue_mapping	534.7880	coassembly_cage_treat
mag_catalogue_mapping	484.3565	coassembly_cage_treat
mag_catalogue_mapping	470.1704	coassembly_cage_treat
mag_catalogue_mapping	558.0380	coassembly_cage_treat
mag_catalogue_mapping	621.3283	coassembly_cage_treat
mag_catalogue_mapping	736.9001	coassembly_cage_treat
mag_catalogue_mapping	440.5255	coassembly_cage_treat
mag_catalogue_mapping	381.0626	coassembly_cage_treat
mag_catalogue_mapping	611.9703	coassembly_cage_treat
mag_catalogue_mapping	851.5285	coassembly_cage_treat
mag_catalogue_mapping	518.5399	coassembly_cage_treat
mag_catalogue_mapping	678.5819	coassembly_cage_treat
mag_catalogue_mapping	423.2896	coassembly_cage_treat
mag_catalogue_mapping	797.0722	coassembly_cage_treat
mag_catalogue_mapping	904.5584	coassembly_cage_treat
mag_catalogue_mapping	492.2829	coassembly_cage_treat
mag_catalogue_mapping	799.8873	coassembly_cage_treat
mag_catalogue_mapping	445.3979	coassembly_cage_treat
mag_catalogue_mapping	577.1722	coassembly_cage_treat
mag_catalogue_mapping	994.7186	coassembly_cage_treat
mag_catalogue_mapping	527.6174	coassembly_cage_treat
mag_catalogue_mapping	620.7989	coassembly_cage_treat
mag_catalogue_mapping	347.2951	coassembly_cage_treat
mag_catalogue_mapping	537.4276	coassembly_long
mag_catalogue_mapping	522.8131	coassembly_long
mag_catalogue_mapping	702.7366	coassembly_long
mag_catalogue_mapping	631.5759	coassembly_long
mag_catalogue_mapping	766.5347	coassembly_long
mag_catalogue_mapping	1092.9275	coassembly_long
mag_catalogue_mapping	702.6344	coassembly_long
mag_catalogue_mapping	825.0357	coassembly_long
mag_catalogue_mapping	494.0921	coassembly_long
mag_catalogue_mapping	285.4799	coassembly_long
mag_catalogue_mapping	487.2716	coassembly_long
mag_catalogue_mapping	576.8458	coassembly_long
mag_catalogue_mapping	442.5426	coassembly_long
mag_catalogue_mapping	600.0912	coassembly_long
mag_catalogue_mapping	1000.6412	coassembly_long
mag_catalogue_mapping	478.8948	coassembly_long
mag_catalogue_mapping	822.3525	coassembly_long
mag_catalogue_mapping	555.2449	coassembly_long
mag_catalogue_mapping	810.8761	coassembly_long
mag_catalogue_mapping	536.6846	coassembly_long
mag_catalogue_mapping	609.0471	coassembly_long
mag_catalogue_mapping	516.6901	coassembly_long
mag_catalogue_mapping	443.2650	coassembly_long
mag_catalogue_mapping	779.8372	coassembly_long
mag_catalogue_mapping	481.1323	coassembly_long
mag_catalogue_mapping	679.3873	coassembly_long
mag_catalogue_mapping	742.0103	coassembly_long
mag_catalogue_mapping	944.8942	coassembly_long
mag_catalogue_mapping	462.8352	coassembly_long
mag_catalogue_mapping	596.4562	coassembly_long
mag_catalogue_mapping	661.5538	coassembly_long
mag_catalogue_mapping	696.3945	coassembly_long
mag_catalogue_mapping	545.4619	coassembly_long
mag_catalogue_mapping	499.2213	coassembly_long
mag_catalogue_mapping	730.2104	coassembly_long
mag_catalogue_mapping	279.8136	coassembly_long
mag_catalogue_mapping	616.2473	coassembly_long
mag_catalogue_mapping	868.3299	coassembly_long
mag_catalogue_mapping	1084.9848	coassembly_long
mag_catalogue_mapping	604.8651	coassembly_long
mag_catalogue_mapping	420.6954	coassembly_long
mag_catalogue_mapping	375.2616	coassembly_long
mag_catalogue_mapping	891.9569	coassembly_long
mag_catalogue_mapping	533.0641	coassembly_long
mag_catalogue_mapping	445.1559	coassembly_long
mag_catalogue_mapping	704.0482	coassembly_long
mag_catalogue_mapping	496.6409	coassembly_long
mag_catalogue_mapping	545.1772	coassembly_long
mag_catalogue_mapping	864.9488	coassembly_long
mag_catalogue_mapping	860.8887	coassembly_long
mag_catalogue_mapping	546.8492	coassembly_long
mag_catalogue_mapping	520.3772	coassembly_long
mag_catalogue_mapping	642.6551	coassembly_long
mag_catalogue_mapping	789.4480	coassembly_long
mag_catalogue_mapping	611.2552	coassembly_long
mag_catalogue_mapping	645.9457	coassembly_long
mag_catalogue_mapping	545.1195	coassembly_long
mag_catalogue_mapping	695.7636	coassembly_long
mag_catalogue_mapping	897.9137	coassembly_long
mag_catalogue_mapping	394.3687	coassembly_long
mag_catalogue_mapping	420.8021	coassembly_long
mag_catalogue_mapping	1113.7586	coassembly_long
mag_catalogue_mapping	300.3472	coassembly_long
mag_catalogue_mapping	913.8663	coassembly_long
mag_catalogue_mapping	633.7710	coassembly_long
mag_catalogue_mapping	349.3277	coassembly_long
mag_catalogue_mapping	366.9866	coassembly_long
mag_catalogue_mapping	626.0047	coassembly_long
mag_catalogue_mapping	426.4981	coassembly_long
mag_catalogue_mapping	792.0905	coassembly_long
mag_catalogue_mapping	860.1716	coassembly_long
mag_catalogue_mapping	496.0824	coassembly_long
mag_catalogue_mapping	834.2266	coassembly_long
mag_catalogue_mapping	468.0953	coassembly_long
mag_catalogue_mapping	784.1824	coassembly_long
mag_catalogue_mapping	955.0818	coassembly_long
mag_catalogue_mapping	887.4538	coassembly_long
mag_catalogue_mapping	696.1676	coassembly_long
mag_catalogue_mapping	495.3732	coassembly_long
mag_catalogue_mapping	1056.0968	coassembly_long
mag_catalogue_mapping	812.7851	coassembly_long
mag_catalogue_mapping	545.2262	coassembly_long
mag_catalogue_mapping	485.8530	coassembly_long
mag_catalogue_mapping	1147.5705	coassembly_long
mag_catalogue_mapping	1043.4821	coassembly_long
mag_catalogue_mapping	665.2759	coassembly_long
mag_catalogue_mapping	422.3891	coassembly_long
mag_catalogue_mapping	1024.9966	coassembly_long
mag_catalogue_mapping	481.7587	coassembly_long
mag_catalogue_mapping	444.0014	coassembly_long
mag_catalogue_mapping	527.6743	coassembly_long
mag_catalogue_mapping	678.2964	coassembly_long
mag_catalogue_mapping	824.4711	coassembly_long
mag_catalogue_mapping	401.5273	coassembly_long
mag_catalogue_mapping	625.5335	coassembly_long
mag_catalogue_mapping	761.8706	coassembly_long
mag_catalogue_mapping	784.1896	coassembly_long
mag_catalogue_mapping	531.9833	coassembly_long
mag_catalogue_mapping	354.9012	coassembly_long
mag_catalogue_mapping	982.6789	coassembly_long
mag_catalogue_mapping	566.6070	coassembly_long
mag_catalogue_mapping	637.2006	coassembly_long
mag_catalogue_mapping	364.9109	coassembly_long
mag_catalogue_mapping	1069.0876	coassembly_long
mag_catalogue_mapping	670.1084	coassembly_long
mag_catalogue_mapping	894.9850	coassembly_long
mag_catalogue_mapping	906.1519	coassembly_long
mag_catalogue_mapping	857.4800	coassembly_long
mag_catalogue_mapping	797.7550	coassembly_long
mag_catalogue_mapping	671.8808	coassembly_long
mag_catalogue_mapping	410.6040	coassembly_long
mag_catalogue_mapping	669.5210	coassembly_long
mag_catalogue_mapping	421.0806	coassembly_long
mag_catalogue_mapping	872.7679	coassembly_long
mag_catalogue_mapping	552.8930	coassembly_long
mag_catalogue_mapping	711.8707	coassembly_long
mag_catalogue_mapping	489.2372	coassembly_long
mag_catalogue_mapping	821.9946	coassembly_long
mag_catalogue_mapping	727.4306	coassembly_long
mag_catalogue_mapping	660.0382	coassembly_long
mag_catalogue_mapping	379.8133	coassembly_long
mag_catalogue_mapping	455.8997	coassembly_long
mag_catalogue_mapping	653.2559	coassembly_long
mag_catalogue_mapping	612.7297	coassembly_long
mag_catalogue_mapping	671.4812	coassembly_long
mag_catalogue_mapping	660.9208	coassembly_long
mag_catalogue_mapping	892.8015	coassembly_long
mag_catalogue_mapping	436.1938	coassembly_long
mag_catalogue_mapping	452.5636	coassembly_long
mag_catalogue_mapping	393.8556	coassembly_long
mag_catalogue_mapping	652.2033	coassembly_long
mag_catalogue_mapping	510.3228	coassembly_long
mag_catalogue_mapping	824.1962	coassembly_long
mag_catalogue_mapping	451.6179	coassembly_long
mag_catalogue_mapping	449.9108	coassembly_long
mag_catalogue_mapping	684.8588	coassembly_long
mag_catalogue_mapping	988.4626	coassembly_long
mag_catalogue_mapping	803.4307	coassembly_long
mag_catalogue_mapping	938.1999	coassembly_long
mag_catalogue_mapping	600.8569	coassembly_long
mag_catalogue_mapping	613.6915	coassembly_long
mag_catalogue_mapping	607.0110	coassembly_long
mag_catalogue_mapping	323.1340	coassembly_long
mag_catalogue_mapping	628.8346	coassembly_long
mag_catalogue_mapping	558.4344	coassembly_long
mag_catalogue_mapping	413.4355	coassembly_long
mag_catalogue_mapping	996.0036	coassembly_long
mag_catalogue_mapping	806.4559	coassembly_long
mag_catalogue_mapping	545.8681	coassembly_long
mag_catalogue_mapping	418.4974	coassembly_long
assembly_mapping	580.8581	coassembly_treat
assembly_mapping	1305.8636	coassembly_treat
assembly_mapping	1183.2652	coassembly_treat
assembly_mapping	635.2902	coassembly_treat
assembly_mapping	819.1324	coassembly_treat
assembly_mapping	663.0929	coassembly_treat
assembly_mapping	1026.9628	coassembly_treat
assembly_mapping	497.7361	coassembly_treat
assembly_mapping	617.6737	coassembly_treat
assembly_mapping	1090.9779	coassembly_treat
assembly_mapping	415.7520	coassembly_treat
assembly_mapping	717.1190	coassembly_treat
assembly_mapping	961.3558	coassembly_treat
assembly_mapping	465.0539	coassembly_treat
assembly_mapping	1318.9389	coassembly_treat
assembly_mapping	830.7705	coassembly_treat
assembly_mapping	1379.0649	coassembly_treat
assembly_mapping	1016.5234	coassembly_treat
assembly_mapping	981.7572	coassembly_treat
assembly_mapping	1315.4741	coassembly_treat
assembly_mapping	472.3305	coassembly_treat
assembly_mapping	809.8716	coassembly_treat
assembly_mapping	586.8909	coassembly_treat
assembly_mapping	630.3662	coassembly_treat
assembly_mapping	902.2495	coassembly_treat
assembly_mapping	1425.4782	coassembly_treat
assembly_mapping	1046.0672	coassembly_treat
assembly_mapping	1303.5372	coassembly_treat
assembly_mapping	916.0240	coassembly_treat
assembly_mapping	867.9109	coassembly_treat
assembly_mapping	989.3273	coassembly_treat
assembly_mapping	825.1649	coassembly_treat
assembly_mapping	581.7799	coassembly_treat
assembly_mapping	720.9649	coassembly_treat
assembly_mapping	637.6471	coassembly_treat
assembly_mapping	1102.0910	coassembly_treat
assembly_mapping	1549.4865	coassembly_treat
assembly_mapping	559.5554	coassembly_treat
assembly_mapping	528.5528	coassembly_treat
assembly_mapping	653.1976	coassembly_treat
assembly_mapping	562.6647	coassembly_treat
assembly_mapping	512.9462	coassembly_treat
assembly_mapping	743.6913	coassembly_treat
assembly_mapping	639.8434	coassembly_treat
assembly_mapping	678.4127	coassembly_treat
assembly_mapping	592.6065	coassembly_treat
assembly_mapping	763.3142	coassembly_treat
assembly_mapping	552.9886	coassembly_treat
assembly_mapping	1283.6810	coassembly_treat
assembly_mapping	1138.6257	coassembly_treat
assembly_mapping	732.3349	coassembly_treat
assembly_mapping	822.9161	coassembly_treat
assembly_mapping	639.5514	coassembly_treat
assembly_mapping	646.6599	coassembly_treat
assembly_mapping	699.1905	coassembly_treat
assembly_mapping	765.0708	coassembly_treat
assembly_mapping	723.0323	coassembly_treat
assembly_mapping	973.7766	coassembly_treat
assembly_mapping	770.2768	coassembly_treat
assembly_mapping	1661.5845	coassembly_treat
assembly_mapping	783.7533	coassembly_treat
assembly_mapping	767.9792	coassembly_treat
assembly_mapping	935.5965	coassembly_treat
assembly_mapping	560.5393	coassembly_treat
assembly_mapping	792.4763	coassembly_treat
assembly_mapping	756.3477	coassembly_treat
assembly_mapping	626.7805	coassembly_treat
assembly_mapping	1065.2029	coassembly_treat
assembly_mapping	753.5748	coassembly_treat
assembly_mapping	871.5179	coassembly_treat
assembly_mapping	1099.5589	coassembly_treat
assembly_mapping	443.4837	coassembly_treat
assembly_mapping	390.4592	coassembly_treat
assembly_mapping	987.3043	coassembly_treat
assembly_mapping	702.5268	coassembly_treat
assembly_mapping	484.2309	coassembly_treat
assembly_mapping	822.4498	coassembly_treat
assembly_mapping	754.1735	coassembly_treat
assembly_mapping	1614.9068	coassembly_treat
assembly_mapping	537.4895	coassembly_treat
assembly_mapping	366.8720	coassembly_treat
assembly_mapping	866.9609	coassembly_treat
assembly_mapping	510.9033	coassembly_treat
assembly_mapping	1719.1671	coassembly_treat
assembly_mapping	767.9636	coassembly_treat
assembly_mapping	635.5551	coassembly_treat
assembly_mapping	1011.0113	coassembly_treat
assembly_mapping	873.2623	coassembly_treat
assembly_mapping	395.0495	coassembly_treat
assembly_mapping	579.1039	coassembly_treat
assembly_mapping	1331.4144	coassembly_treat
assembly_mapping	1588.3478	coassembly_treat
assembly_mapping	1169.4542	coassembly_treat
assembly_mapping	990.8551	coassembly_treat
assembly_mapping	817.7498	coassembly_treat
assembly_mapping	568.6821	coassembly_treat
assembly_mapping	448.7760	coassembly_treat
assembly_mapping	861.8416	coassembly_treat
assembly_mapping	696.4512	coassembly_treat
assembly_mapping	943.2847	coassembly_treat
assembly_mapping	1260.3788	coassembly_treat
assembly_mapping	1135.9645	coassembly_treat
assembly_mapping	557.8329	coassembly_treat
assembly_mapping	1070.6431	coassembly_treat
assembly_mapping	441.1726	coassembly_treat
assembly_mapping	621.0161	coassembly_treat
assembly_mapping	809.6447	coassembly_treat
assembly_mapping	642.4506	coassembly_treat
assembly_mapping	399.0028	coassembly_treat
assembly_mapping	523.0937	coassembly_treat
assembly_mapping	970.2805	coassembly_treat
assembly_mapping	1029.7457	coassembly_treat
assembly_mapping	526.8848	coassembly_treat
assembly_mapping	705.9135	coassembly_treat
assembly_mapping	868.0568	coassembly_treat
assembly_mapping	561.9422	coassembly_treat
assembly_mapping	580.9444	coassembly_treat
assembly_mapping	899.5042	coassembly_treat
assembly_mapping	864.3863	coassembly_treat
assembly_mapping	605.2724	coassembly_treat
assembly_mapping	1457.7312	coassembly_treat
assembly_mapping	428.7608	coassembly_treat
assembly_mapping	1188.6427	coassembly_treat
assembly_mapping	534.2870	coassembly_treat
assembly_mapping	1081.4088	coassembly_treat
assembly_mapping	1407.2356	coassembly_treat
assembly_mapping	1547.2819	coassembly_treat
assembly_mapping	1164.7601	coassembly_treat
assembly_mapping	944.3502	coassembly_treat
assembly_mapping	1433.2211	coassembly_treat
assembly_mapping	901.7648	coassembly_treat
assembly_mapping	866.3228	coassembly_treat
assembly_mapping	831.1808	coassembly_treat
assembly_mapping	1370.1683	coassembly_treat
assembly_mapping	1452.1333	coassembly_treat
assembly_mapping	955.5434	coassembly_treat
assembly_mapping	703.2179	coassembly_treat
assembly_mapping	584.4873	coassembly_treat
assembly_mapping	596.8613	coassembly_treat
assembly_mapping	845.6566	coassembly_treat
assembly_mapping	1372.3238	coassembly_treat
assembly_mapping	500.3664	coassembly_treat
assembly_mapping	899.0700	coassembly_treat
assembly_mapping	1503.6097	coassembly_treat
assembly_mapping	1564.8449	coassembly_treat
assembly_mapping	485.6904	coassembly_treat
assembly_mapping	516.5161	coassembly_treat
assembly_mapping	1432.3138	coassembly_treat
assembly_mapping	801.9181	coassembly_treat
assembly_mapping	1318.6642	coassembly_treat
assembly_mapping	668.1598	coassembly_cage_treat
assembly_mapping	828.4837	coassembly_cage_treat
assembly_mapping	733.6425	coassembly_cage_treat
assembly_mapping	1072.9431	coassembly_cage_treat
assembly_mapping	914.5723	coassembly_cage_treat
assembly_mapping	644.7593	coassembly_cage_treat
assembly_mapping	1070.3437	coassembly_cage_treat
assembly_mapping	944.1061	coassembly_cage_treat
assembly_mapping	897.4209	coassembly_cage_treat
assembly_mapping	537.7579	coassembly_cage_treat
assembly_mapping	1060.9212	coassembly_cage_treat
assembly_mapping	798.3531	coassembly_cage_treat
assembly_mapping	381.2485	coassembly_cage_treat
assembly_mapping	794.0222	coassembly_cage_treat
assembly_mapping	530.6665	coassembly_cage_treat
assembly_mapping	1311.3163	coassembly_cage_treat
assembly_mapping	617.6784	coassembly_cage_treat
assembly_mapping	996.8498	coassembly_cage_treat
assembly_mapping	588.0480	coassembly_cage_treat
assembly_mapping	844.1407	coassembly_cage_treat
assembly_mapping	739.6785	coassembly_cage_treat
assembly_mapping	608.2645	coassembly_cage_treat
assembly_mapping	557.1682	coassembly_cage_treat
assembly_mapping	460.7051	coassembly_cage_treat
assembly_mapping	819.3707	coassembly_cage_treat
assembly_mapping	833.8494	coassembly_cage_treat
assembly_mapping	653.6855	coassembly_cage_treat
assembly_mapping	606.4348	coassembly_cage_treat
assembly_mapping	531.0903	coassembly_cage_treat
assembly_mapping	1056.5270	coassembly_cage_treat
assembly_mapping	638.5085	coassembly_cage_treat
assembly_mapping	707.5483	coassembly_cage_treat
assembly_mapping	479.1913	coassembly_cage_treat
assembly_mapping	378.2103	coassembly_cage_treat
assembly_mapping	1180.7909	coassembly_cage_treat
assembly_mapping	711.2604	coassembly_cage_treat
assembly_mapping	492.2827	coassembly_cage_treat
assembly_mapping	874.7711	coassembly_cage_treat
assembly_mapping	717.0904	coassembly_cage_treat
assembly_mapping	968.0098	coassembly_cage_treat
assembly_mapping	701.1379	coassembly_cage_treat
assembly_mapping	535.3606	coassembly_cage_treat
assembly_mapping	956.1553	coassembly_cage_treat
assembly_mapping	702.5792	coassembly_cage_treat
assembly_mapping	655.5813	coassembly_cage_treat
assembly_mapping	794.2637	coassembly_cage_treat
assembly_mapping	616.2425	coassembly_cage_treat
assembly_mapping	608.7897	coassembly_cage_treat
assembly_mapping	525.6225	coassembly_cage_treat
assembly_mapping	728.4501	coassembly_cage_treat
assembly_mapping	476.5030	coassembly_cage_treat
assembly_mapping	1242.9381	coassembly_cage_treat
assembly_mapping	945.0480	coassembly_cage_treat
assembly_mapping	441.5630	coassembly_cage_treat
assembly_mapping	1149.4144	coassembly_cage_treat
assembly_mapping	730.5015	coassembly_cage_treat
assembly_mapping	1457.1363	coassembly_cage_treat
assembly_mapping	790.6628	coassembly_cage_treat
assembly_mapping	731.2370	coassembly_cage_treat
assembly_mapping	496.3289	coassembly_cage_treat
assembly_mapping	630.4206	coassembly_cage_treat
assembly_mapping	668.8773	coassembly_cage_treat
assembly_mapping	808.8118	coassembly_cage_treat
assembly_mapping	925.8927	coassembly_cage_treat
assembly_mapping	656.1467	coassembly_cage_treat
assembly_mapping	578.4055	coassembly_cage_treat
assembly_mapping	719.3406	coassembly_cage_treat
assembly_mapping	533.5219	coassembly_cage_treat
assembly_mapping	588.0571	coassembly_cage_treat
assembly_mapping	814.9880	coassembly_cage_treat
assembly_mapping	863.9098	coassembly_cage_treat
assembly_mapping	407.8479	coassembly_cage_treat
assembly_mapping	1120.8897	coassembly_cage_treat
assembly_mapping	635.9117	coassembly_cage_treat
assembly_mapping	1100.2885	coassembly_cage_treat
assembly_mapping	738.9916	coassembly_cage_treat
assembly_mapping	711.1725	coassembly_cage_treat
assembly_mapping	975.3077	coassembly_cage_treat
assembly_mapping	1516.0968	coassembly_cage_treat
assembly_mapping	852.5862	coassembly_cage_treat
assembly_mapping	1048.3000	coassembly_cage_treat
assembly_mapping	760.5514	coassembly_cage_treat
assembly_mapping	748.2299	coassembly_cage_treat
assembly_mapping	675.5960	coassembly_cage_treat
assembly_mapping	624.8767	coassembly_cage_treat
assembly_mapping	975.8101	coassembly_cage_treat
assembly_mapping	981.0125	coassembly_cage_treat
assembly_mapping	846.7781	coassembly_cage_treat
assembly_mapping	1473.0306	coassembly_cage_treat
assembly_mapping	764.4328	coassembly_cage_treat
assembly_mapping	508.2884	coassembly_cage_treat
assembly_mapping	641.1110	coassembly_cage_treat
assembly_mapping	652.3765	coassembly_cage_treat
assembly_mapping	307.6468	coassembly_cage_treat
assembly_mapping	545.1029	coassembly_cage_treat
assembly_mapping	750.3438	coassembly_cage_treat
assembly_mapping	1370.8095	coassembly_cage_treat
assembly_mapping	438.2531	coassembly_cage_treat
assembly_mapping	616.5747	coassembly_cage_treat
assembly_mapping	1653.2490	coassembly_cage_treat
assembly_mapping	564.0476	coassembly_cage_treat
assembly_mapping	1036.7031	coassembly_cage_treat
assembly_mapping	521.2085	coassembly_cage_treat
assembly_mapping	956.9051	coassembly_cage_treat
assembly_mapping	697.0700	coassembly_cage_treat
assembly_mapping	677.5708	coassembly_cage_treat
assembly_mapping	1289.1256	coassembly_cage_treat
assembly_mapping	606.2412	coassembly_cage_treat
assembly_mapping	470.1589	coassembly_cage_treat
assembly_mapping	656.2426	coassembly_cage_treat
assembly_mapping	690.2540	coassembly_cage_treat
assembly_mapping	968.0239	coassembly_cage_treat
assembly_mapping	933.5906	coassembly_cage_treat
assembly_mapping	946.2975	coassembly_cage_treat
assembly_mapping	1312.6561	coassembly_cage_treat
assembly_mapping	911.9626	coassembly_cage_treat
assembly_mapping	619.7291	coassembly_cage_treat
assembly_mapping	921.8709	coassembly_cage_treat
assembly_mapping	604.1961	coassembly_cage_treat
assembly_mapping	1134.3581	coassembly_cage_treat
assembly_mapping	1011.7195	coassembly_cage_treat
assembly_mapping	422.2834	coassembly_cage_treat
assembly_mapping	966.1751	coassembly_cage_treat
assembly_mapping	1479.3123	coassembly_cage_treat
assembly_mapping	1319.7206	coassembly_cage_treat
assembly_mapping	942.7669	coassembly_cage_treat
assembly_mapping	567.3223	coassembly_cage_treat
assembly_mapping	626.0283	coassembly_cage_treat
assembly_mapping	762.4371	coassembly_cage_treat
assembly_mapping	444.5146	coassembly_cage_treat
assembly_mapping	754.6728	coassembly_cage_treat
assembly_mapping	1035.1537	coassembly_cage_treat
assembly_mapping	773.3488	coassembly_cage_treat
assembly_mapping	739.1577	coassembly_cage_treat
assembly_mapping	1085.4657	coassembly_cage_treat
assembly_mapping	569.5577	coassembly_cage_treat
assembly_mapping	1616.9219	coassembly_cage_treat
assembly_mapping	946.2224	coassembly_cage_treat
assembly_mapping	871.9406	coassembly_cage_treat
assembly_mapping	537.0420	coassembly_cage_treat
assembly_mapping	567.1976	coassembly_cage_treat
assembly_mapping	1046.4503	coassembly_cage_treat
assembly_mapping	854.0757	coassembly_cage_treat
assembly_mapping	898.8405	coassembly_cage_treat
assembly_mapping	559.5583	coassembly_cage_treat
assembly_mapping	879.4043	coassembly_cage_treat
assembly_mapping	444.6683	coassembly_cage_treat
assembly_mapping	523.3984	coassembly_cage_treat
assembly_mapping	949.4915	coassembly_cage_treat
assembly_mapping	397.4792	coassembly_cage_treat
assembly_mapping	685.3970	coassembly_long
assembly_mapping	529.9248	coassembly_long
assembly_mapping	1033.4769	coassembly_long
assembly_mapping	911.7270	coassembly_long
assembly_mapping	1342.9204	coassembly_long
assembly_mapping	895.7983	coassembly_long
assembly_mapping	654.0941	coassembly_long
assembly_mapping	690.8342	coassembly_long
assembly_mapping	497.5232	coassembly_long
assembly_mapping	379.3332	coassembly_long
assembly_mapping	1483.9268	coassembly_long
assembly_mapping	1199.9732	coassembly_long
assembly_mapping	452.6867	coassembly_long
assembly_mapping	1201.3868	coassembly_long
assembly_mapping	1091.1792	coassembly_long
assembly_mapping	616.2769	coassembly_long
assembly_mapping	710.4596	coassembly_long
assembly_mapping	1100.6102	coassembly_long
assembly_mapping	1447.4624	coassembly_long
assembly_mapping	862.2625	coassembly_long
assembly_mapping	627.0135	coassembly_long
assembly_mapping	497.1287	coassembly_long
assembly_mapping	395.3231	coassembly_long
assembly_mapping	1098.5303	coassembly_long
assembly_mapping	919.7376	coassembly_long
assembly_mapping	534.9434	coassembly_long
assembly_mapping	768.6946	coassembly_long
assembly_mapping	1233.8910	coassembly_long
assembly_mapping	919.8610	coassembly_long
assembly_mapping	766.4282	coassembly_long
assembly_mapping	503.1204	coassembly_long
assembly_mapping	528.0480	coassembly_long
assembly_mapping	401.5913	coassembly_long
assembly_mapping	436.2716	coassembly_long
assembly_mapping	703.7536	coassembly_long
assembly_mapping	362.6014	coassembly_long
assembly_mapping	709.6073	coassembly_long
assembly_mapping	1286.5630	coassembly_long
assembly_mapping	869.9359	coassembly_long
assembly_mapping	1144.0688	coassembly_long
assembly_mapping	743.1184	coassembly_long
assembly_mapping	449.5672	coassembly_long
assembly_mapping	793.6057	coassembly_long
assembly_mapping	806.6648	coassembly_long
assembly_mapping	400.3503	coassembly_long
assembly_mapping	527.2853	coassembly_long
assembly_mapping	525.8048	coassembly_long
assembly_mapping	640.4453	coassembly_long
assembly_mapping	767.3686	coassembly_long
assembly_mapping	669.8576	coassembly_long
assembly_mapping	334.3911	coassembly_long
assembly_mapping	606.5621	coassembly_long
assembly_mapping	458.4170	coassembly_long
assembly_mapping	746.5086	coassembly_long
assembly_mapping	766.7755	coassembly_long
assembly_mapping	728.1215	coassembly_long
assembly_mapping	930.7635	coassembly_long
assembly_mapping	548.6822	coassembly_long
assembly_mapping	923.3229	coassembly_long
assembly_mapping	491.5443	coassembly_long
assembly_mapping	580.8710	coassembly_long
assembly_mapping	754.1502	coassembly_long
assembly_mapping	643.3537	coassembly_long
assembly_mapping	593.9231	coassembly_long
assembly_mapping	736.3451	coassembly_long
assembly_mapping	407.8170	coassembly_long
assembly_mapping	535.8593	coassembly_long
assembly_mapping	581.6032	coassembly_long
assembly_mapping	629.3067	coassembly_long
assembly_mapping	625.1158	coassembly_long
assembly_mapping	701.0907	coassembly_long
assembly_mapping	1081.9282	coassembly_long
assembly_mapping	1323.7231	coassembly_long
assembly_mapping	500.4269	coassembly_long
assembly_mapping	755.7364	coassembly_long
assembly_mapping	794.6479	coassembly_long
assembly_mapping	728.9716	coassembly_long
assembly_mapping	432.4201	coassembly_long
assembly_mapping	520.8437	coassembly_long
assembly_mapping	661.3143	coassembly_long
assembly_mapping	794.5117	coassembly_long
assembly_mapping	776.4417	coassembly_long
assembly_mapping	970.1959	coassembly_long
assembly_mapping	988.1247	coassembly_long
assembly_mapping	762.2654	coassembly_long
assembly_mapping	863.7052	coassembly_long
assembly_mapping	480.9321	coassembly_long
assembly_mapping	1312.5415	coassembly_long
assembly_mapping	661.6280	coassembly_long
assembly_mapping	359.7627	coassembly_long
assembly_mapping	792.8163	coassembly_long
assembly_mapping	1549.3132	coassembly_long
assembly_mapping	1324.8130	coassembly_long
assembly_mapping	556.9709	coassembly_long
assembly_mapping	539.1321	coassembly_long
assembly_mapping	929.3902	coassembly_long
assembly_mapping	948.6993	coassembly_long
assembly_mapping	597.1256	coassembly_long
assembly_mapping	753.4518	coassembly_long
assembly_mapping	923.5344	coassembly_long
assembly_mapping	831.1256	coassembly_long
assembly_mapping	663.1256	coassembly_long
assembly_mapping	362.9752	coassembly_long
assembly_mapping	1168.4339	coassembly_long
assembly_mapping	761.3695	coassembly_long
assembly_mapping	771.6085	coassembly_long
assembly_mapping	1065.8055	coassembly_long
assembly_mapping	1003.9168	coassembly_long
assembly_mapping	617.1472	coassembly_long
assembly_mapping	541.7565	coassembly_long
assembly_mapping	583.4806	coassembly_long
assembly_mapping	647.9098	coassembly_long
assembly_mapping	614.5808	coassembly_long
assembly_mapping	741.5455	coassembly_long
assembly_mapping	591.9698	coassembly_long
assembly_mapping	614.2517	coassembly_long
assembly_mapping	591.0684	coassembly_long
assembly_mapping	924.5223	coassembly_long
assembly_mapping	560.8741	coassembly_long
assembly_mapping	1462.4949	coassembly_long
assembly_mapping	746.9087	coassembly_long
assembly_mapping	595.6908	coassembly_long
assembly_mapping	683.7066	coassembly_long
assembly_mapping	952.3350	coassembly_long
assembly_mapping	695.3652	coassembly_long
assembly_mapping	766.7612	coassembly_long
assembly_mapping	781.9503	coassembly_long
assembly_mapping	493.0027	coassembly_long
assembly_mapping	647.9649	coassembly_long
assembly_mapping	788.0310	coassembly_long
assembly_mapping	1148.7985	coassembly_long
assembly_mapping	664.9976	coassembly_long
assembly_mapping	1507.5795	coassembly_long
assembly_mapping	624.9100	coassembly_long
assembly_mapping	354.4971	coassembly_long
assembly_mapping	623.8839	coassembly_long
assembly_mapping	747.6915	coassembly_long
assembly_mapping	1133.4298	coassembly_long
assembly_mapping	737.7747	coassembly_long
assembly_mapping	420.4549	coassembly_long
assembly_mapping	1239.4250	coassembly_long
assembly_mapping	1051.8375	coassembly_long
assembly_mapping	366.4470	coassembly_long
assembly_mapping	1177.4078	coassembly_long
assembly_mapping	621.4243	coassembly_long
assembly_mapping	523.7007	coassembly_long
assembly_mapping	617.9686	coassembly_long
assembly_mapping	574.6468	coassembly_long
assembly_mapping	636.6810	coassembly_long
assembly_mapping	743.8262	coassembly_long
Assembly	31040.5942	coassembly_treat
Assembly	18437.9726	coassembly_treat
Assembly	19771.3549	coassembly_treat
Assembly	33894.7519	coassembly_treat
Assembly	16254.0942	coassembly_treat
Assembly	4296.3745	coassembly_cage_treat
Assembly	5458.7050	coassembly_cage_treat
Assembly	3597.3799	coassembly_cage_treat
Assembly	6788.2266	coassembly_cage_treat
Assembly	4106.2047	coassembly_cage_treat
Assembly	3960.4720	coassembly_cage_treat
Assembly	4345.5429	coassembly_cage_treat
Assembly	4238.0736	coassembly_cage_treat
Assembly	3906.9471	coassembly_cage_treat
Assembly	6184.0931	coassembly_cage_treat
Assembly	5830.3468	coassembly_cage_treat
Assembly	6285.9810	coassembly_cage_treat
Assembly	3211.7558	coassembly_cage_treat
Assembly	6222.6068	coassembly_cage_treat
Assembly	3700.9006	coassembly_cage_treat
Assembly	5524.1748	coassembly_cage_treat
Assembly	8172.3990	coassembly_cage_treat
Assembly	9573.0747	coassembly_cage_treat
Assembly	6498.1660	coassembly_cage_treat
Assembly	4041.5711	coassembly_cage_treat
Assembly	6031.4583	coassembly_cage_treat
Assembly	5464.4849	coassembly_cage_treat
Assembly	4275.9595	coassembly_cage_treat
Assembly	6847.0256	coassembly_cage_treat
Assembly	4951.5056	coassembly_cage_treat
Assembly	6231.0895	coassembly_cage_treat
Assembly	6703.7545	coassembly_cage_treat
Assembly	4658.9172	coassembly_cage_treat
Assembly	4098.2090	coassembly_cage_treat
Assembly	4099.2724	coassembly_cage_treat
Assembly	7565.2658	coassembly_long
Assembly	7453.2220	coassembly_long
Assembly	4787.1240	coassembly_long
Assembly	5301.9805	coassembly_long
Assembly	7435.0305	coassembly_long
Assembly	5059.3128	coassembly_long
Assembly	3206.1894	coassembly_long
Assembly	4555.1903	coassembly_long
Assembly	7482.1614	coassembly_long
Assembly	9793.2106	coassembly_long
Assembly	3380.9405	coassembly_long
Assembly	5422.7157	coassembly_long
Assembly	4719.0104	coassembly_long
Assembly	3088.6157	coassembly_long
Assembly	3530.8707	coassembly_long
Assembly	4673.3417	coassembly_long
Assembly	4595.6913	coassembly_long
Assembly	3987.7606	coassembly_long
Assembly	5122.6724	coassembly_long
Assembly	3722.1069	coassembly_long
Assembly	4240.9370	coassembly_long
Assembly	4177.1788	coassembly_long
Assembly	5661.1737	coassembly_long
Assembly	5340.6695	coassembly_long
Assembly	3553.8791	coassembly_long
Assembly	4157.0886	coassembly_long
Assembly	3443.0563	coassembly_long
Assembly	4086.3082	coassembly_long
Assembly	4327.9356	coassembly_long
Assembly	3205.6817	coassembly_long
